Country,Year,Status,Life expectancy,Adult Mortality,Alcohol,Percentage expenditure,BMI,Under-five deaths,Total expenditure,GDP,Population,Thinness 1-19 years,Thinness 5-9 years,Income composition of resources,Schooling,Average temperature,CO2 Emissions,Colesterol,Fumar
Austria,2000,0,78.1,96,13.2,2269.13,5.1,0,1.6,24517.26745,811566,1.7,1.9,0.833,15.4,7.99,7.9,3.9,52.3
Austria,2001,0,78.6,92,12.4,2282.52,5.6,0,1.12,24489.73553,842293,1.7,1.9,0.837,15.5,7.04,8.4,3.9,
Austria,2002,0,78.7,9,12.5,2497.87,51.2,0,1.27,26351.37568,881957,1.7,1.9,0.847,16.1,7.74,8.6,3.9,
Austria,2003,0,78.8,88,12.2,3091.24,51.7,0,1.48,3212.9355,8121423,1.7,1.9,0.837,14.7,7.37,9.2,3.8,
Austria,2004,0,79.3,86,12.1,3594.65,52.2,0,1.56,36693.4262,8171966,1.7,1.9,0.841,14.7,6.77,9.3,3.8,
Austria,2005,0,79.4,85,12.4,3710.4,52.7,0,1.53,38242.4252,8227829,1.7,1.9,0.848,14.9,6.43,9.3,3.8,43.8
Austria,2006,0,79.8,81,12.4,3882.98,53.2,0,1.35,443.99361,8268641,1.7,1.9,0.854,15,7.23,9,3.7,
Austria,2007,0,81,8,12.5,4478.77,53.7,0,1.4,46586.6525,8295487,1.7,1.9,0.86,15.2,7.81,8.6,3.7,
Austria,2008,0,84,76,12,5057.76,54.2,0,1.6,51386.37665,8321496,1.7,1.9,0.864,15.1,7.67,8.5,3.7,
Austria,2009,0,82,77,11.3,4928.99,54.7,0,11.19,47654.18721,8343323,1.7,1.9,0.87,15.3,7.51,7.7,3.7,
Austria,2010,0,84,75,12.1,4800.79,55.2,0,11.17,46657.629,836344,1.7,1.9,0.872,15.4,6.55,8.4,3.6,37.1
Austria,2011,0,88,73,12.04,5167.82,55.7,0,1.94,51126.74139,8391643,1.7,2,0.88,15.7,7.92,8.1,3.6,
Austria,2012,0,88,7,12.26,4966.1,56.1,0,11.17,48333.57273,8429991,1.8,2,0.884,15.7,7.7,7.7,3.6,
Austria,2013,0,81.1,68,11.82,5235.34,56.6,0,11.14,554.71532,8479375,1.8,2,0.887,15.7,7.37,7.8,3.6,
Austria,2014,0,81.4,66,12.32,5393.6,57.1,0,11.21,51322.63997,8541575,1.8,2,0.892,15.9,8.37,7.3,3.5,
Austria,2015,0,81.5,65,11.6,4612.82,57.6,0,10.37,43665.947,8633169,1.9,2.1,0.892,15.9,8.31,7.3,3.5,31.2
Belgium,2000,0,77.6,11,11.21,1849.93,58.1,1,8.12,2327.4591,125125,0.8,0.8,0.869,18,10.97,11.4,3.8,33.4
Belgium,2001,0,78,1,11.01,1879.93,58.5,1,8.29,23121.56635,128657,0.8,0.8,0.873,18.2,10.49,11.5,3.7,
Belgium,2002,0,78,99,11.29,2084.72,59,1,8.46,2552.3328,1332785,0.8,0.8,0.875,18.8,10.91,10.7,3.6,
Belgium,2003,0,78.3,95,11.28,2814.88,59.4,1,9.3,3743.95693,1376133,0.8,0.8,0.878,18.6,10.79,11.1,3.6,
Belgium,2004,0,78.8,91,12.05,3312.74,59.8,1,9.32,35589.71295,1421137,0.8,0.8,0.88,18.8,10.39,10.9,3.5,
Belgium,2005,0,78.9,89,12.27,3405.89,6.2,1,9.24,36967.28292,1478617,0.8,0.8,0.861,15.7,10.7,10.6,3.5,30.5
Belgium,2006,0,79.4,85,10.98,3545.93,6.6,1,9.17,38852.3613,1547958,0.8,0.8,0.865,15.7,10.99,10.2,3.4,
Belgium,2007,0,79.5,86,10.25,4064.88,6.9,1,9.25,4443.83131,16257,0.8,0.8,0.871,15.8,11.1,9.8,3.4,
Belgium,2008,0,79.5,87,10.47,4653.51,61.3,1,9.6,48424.58927,179973,0.8,0.8,0.874,15.8,10.58,10,3.3,
Belgium,2009,0,79.8,85,10.05,4638.44,61.6,1,1.39,4488.5615,1796493,0.9,0.9,0.876,15.8,10.65,9.3,3.3,
Belgium,2010,0,80,81,10.22,4531.03,61.9,1,1.17,4438.23741,1895586,0.9,0.9,0.878,15.9,9.37,9.8,3.3,28
Belgium,2011,0,83,8,10.11,4930.14,62.3,1,1.42,4772.77415,1147744,0.9,0.9,0.884,16.1,11.2,8.7,3.2,
Belgium,2012,0,83,78,10.08,4694.46,62.6,1,1.54,4474.5717,11128246,0.9,0.9,0.886,16.2,10.44,8.6,3.2,
Belgium,2013,0,87,77,11.77,4941.97,63,1,1.57,4651.38647,11182817,1,0.9,0.889,16.3,9.93,8.7,3.2,
Belgium,2014,0,89,76,12.6,5063.93,63.4,1,1.59,47439.39684,112957,1,1,0.89,16.3,11.72,8.1,3.1,
Belgium,2015,0,81.1,74,10.36,4432.7,63.7,1,10.77,4356.875,11274196,1,1,0.895,16.6,11.08,8.4,3.1,25.7
Bulgaria,2000,0,71.1,163,9.69,94.52,57,1,6.7,169.28586,817172,2.5,2.5,0.709,12.9,11.53,5.3,4,47.5
Bulgaria,2001,0,71.6,16,10.72,119.83,57.5,1,7.23,1764.97387,89142,2.4,2.5,0.713,12.9,11.44,5.8,4,
Bulgaria,2002,0,71.8,157,10.2,148.15,58.1,1,7.41,287.534843,7837161,2.4,2.4,0.723,12.9,11.51,5.6,3.9,
Bulgaria,2003,0,72,155,11.19,195.74,58.6,1,7.43,271.46824,7775327,2.3,2.4,0.729,12.9,10.68,6.2,3.9,
Bulgaria,2004,0,72.2,157,10.96,233.11,59.1,1,7.9,3381.57837,771686,2.3,2.3,0.738,13.3,11.06,6.1,3.9,
Bulgaria,2005,0,72.1,16,10.48,267.74,59.7,1,7.8,3893.68998,7658972,2.2,2.3,0.745,13.5,10.68,6.3,3.8,45
Bulgaria,2006,0,72.2,161,10.39,294.11,6.3,1,6.67,4513.13628,76122,2.2,2.2,0.75,13.5,10.85,6.4,3.8,
Bulgaria,2007,0,72.6,157,10.89,361.23,6.9,1,6.41,5932.899677,7545338,2.1,2.2,0.755,13.5,11.94,7,3.8,
Bulgaria,2008,0,72.9,155,10.98,455.54,61.5,1,6.61,7296.122479,7492561,2.1,2.1,0.761,13.8,11.84,6.7,3.8,
Bulgaria,2009,0,73.2,152,10.93,459.3,62.1,1,6.78,6955.987733,7444443,2,2.1,0.768,13.8,11.81,5.8,3.7,
Bulgaria,2010,0,73.4,147,10.8,484.75,62.7,1,7.24,6843.263289,7395599,2,2,0.77,13.9,11.77,6,3.7,42.9
Bulgaria,2011,0,73.7,144,10.67,555.86,63.3,1,6.88,7813.83499,7348328,2,2,0.775,14.2,10.86,6.8,3.7,
Bulgaria,2012,0,73.9,139,10.99,558.65,63.9,1,7.11,7378.25539,735888,1.9,1.9,0.778,14.3,11.87,6.2,3.7,
Bulgaria,2013,0,74.1,14,12.06,547.45,64.5,1,7.93,7674.86559,7265115,1.9,1.9,0.781,14.4,11.96,5.5,3.6,
Bulgaria,2014,0,74.3,138,12.03,605.26,65.1,1,8.44,7853.335191,7223938,1.9,1.9,0.787,14.8,12,5.8,3.6,
Bulgaria,2015,0,74.5,137,10.89,521.42,65.7,1,7.39,6993.47736,7177991,1.9,1.8,0.792,15,11.85,6.2,3.5,40.7
Croatia,2000,0,74.7,127,12.73,371.06,54.7,0,7.66,4919.62869,4426,2.1,2.1,0.739,12.2,12.57,4,3.9,34.4
Croatia,2001,0,74.9,126,13.15,388.32,55.2,0,7.16,5245.421419,444,2,2,0.749,12.3,11.66,4.5,3.9,
Croatia,2002,0,74.8,124,13.39,386.44,55.8,0,6.19,653.71637,444,2,2,0.759,12.6,12.29,4.7,3.9,
Croatia,2003,0,74.7,122,13.78,512.15,56.3,0,6.35,785.881418,444,1.9,1.9,0.765,12.9,11.88,5,3.9,
Croatia,2004,0,75.4,114,13.11,634.62,56.9,0,6.56,9365.742468,4439,1.9,1.9,0.771,13.3,11.27,4.9,3.8,
Croatia,2005,0,75.2,116,11.59,727.13,57.5,0,6.89,1224.2459,4442,1.8,1.8,0.777,13.6,10.86,5,3.8,34.9
Croatia,2006,0,75.9,113,11.83,816.02,58.1,0,6.95,11363.41845,444,1.8,1.8,0.783,13.9,11.68,5,3.8,
Croatia,2007,0,75.8,114,12.56,1041.03,58.7,0,7.44,13546.69872,4436,1.8,1.7,0.793,14.3,12.46,5.3,3.8,
Croatia,2008,0,76,116,12.06,1258.87,59.4,0,7.7,15893.8656,443458,1.7,1.7,0.8,14.3,12.37,5,3.8,
Croatia,2009,0,76.3,19,12.21,1187.55,6,0,8.18,14157.14416,442978,1.7,1.6,0.803,14.2,12.25,4.7,3.8,
Croatia,2010,0,76.6,16,12.1,1126.37,6.6,0,8.25,1355.74586,4417781,1.6,1.6,0.803,14.2,11.37,4.5,3.7,35.4
Croatia,2011,0,77,14,12.19,1132.5,61.3,0,7.8,14539.18421,428622,1.6,1.5,0.808,14.5,12.26,4.4,3.7,
Croatia,2012,0,77.1,14,11.49,1029.97,61.9,0,7.8,13235.97757,4267558,1.5,1.5,0.815,14.6,12.43,4.1,3.7,
Croatia,2013,0,77.7,97,12.39,889.94,62.5,0,7.83,13574.749,4255689,1.5,1.5,0.817,14.9,12.15,4,3.7,
Croatia,2014,0,77.8,97,12.14,909.37,63.1,0,7.8,13467.46827,4238389,1.5,1.5,0.82,15.1,11.78,3.8,3.7,
Croatia,2015,0,78,95,9.64,795.51,63.7,0,6.7,11579.6674,42364,1.5,1.4,0.823,15.3,12.67,3.9,3.7,36.1
Czechia,2000,0,74.7,126,13.22,342.92,59,0,6.31,6029,10.255.063,2.3,2.3,0.808,13.9,9.26,12.2,3.9,34.2
Czechia,2001,0,75.1,123,13.36,388.54,59.4,0,6.42,6637,10.216.605,2.2,2.3,0.818,14.3,8.06,12.2,3.9,
Czechia,2002,0,75.3,12,13.47,497.74,59.9,0,6.8,8060.9,10.196.916,2.2,2.3,0.825,14.6,8.79,11.8,3.8,
Czechia,2003,0,75.2,122,13.01,640.66,6.4,0,7.13,9818.6,10.193.998,2.2,2.2,0.831,14.9,8.44,12.1,3.8,
Czechia,2004,0,75.8,116,13.24,746.33,6.8,0,6.9,11749.9,10.197.101,2.1,2.2,0.836,14.6,8.07,12.1,3.8,
Czechia,2005,0,75.9,114,13.19,852.65,61.3,0,6.93,13430.7,10.211.216,2.1,2.1,0.844,14.9,7.91,11.9,3.7,33.4
Czechia,2006,0,76.5,19,13.03,942.12,61.8,0,6.69,15261.8,10.238.905,2,2.1,0.852,15,8.43,12,3.7,
Czechia,2007,0,76.8,17,13.43,1110.18,62.2,0,6.52,18466.5,10.298.828,2,2.1,0.859,15.3,9.19,12.1,3.7,
Czechia,2008,0,77,16,13.25,1449.34,62.6,0,6.82,22804.6,10.384.603,1.9,2,0.863,15.5,9.02,11.4,3.6,
Czechia,2009,0,77.1,12,13.23,1442.24,63.1,0,7.85,19861.7,10.443.936,1.9,2,0.865,15.9,8.65,10.8,3.6,
Czechia,2010,0,77.5,99,12.69,1373.93,63.6,0,7.43,19960.1,10.474.410,1.9,2,0.87,16,7.42,10.9,3.6,32.3
Czechia,2011,0,77.8,97,12.43,1516.56,64,0,7.5,21871.3,10.496.088,1.9,1.9,0.872,16.1,8.9,10.6,3.5,
Czechia,2012,0,78,93,12.71,1387.41,64.5,0,7.55,19870.8,10.510.785,1.8,1.9,0.874,16.1,8.67,10.2,3.5,
Czechia,2013,0,78.2,9,12.45,1554.51,65.1,0,7.49,20133.2,10.514.272,1.8,1.9,0.881,16.7,8.3,9.8,3.5,
Czechia,2014,0,78.6,88,12.68,1512.93,65.6,0,7.41,19890.9,10.525.347,1.8,1.9,0.887,16.8,9.75,9.5,3.5,
Czechia,2015,0,78.8,86,12.76,1284.05,66.1,0,7.2,17829.7,10.546.059,1.8,1.8,0.891,16.9,9.64,9.6,3.5,31.4
Denmark,2000,0,76.9,12,11.69,2496.05,52.2,0,8.7,3743.55917,5339616,1.3,1,0.86,16.5,9.35,9.9,3.8,37.3
Denmark,2001,0,77,12,11.56,2602.64,52.8,0,9.1,3751.64946,5358783,1.3,1,0.862,16.2,8.39,10.1,3.8,
Denmark,2002,0,77,14,11.34,2895.81,53.3,0,9.33,33228.69291,5375931,1.2,1,0.875,16.6,9.2,10,3.7,
Denmark,2003,0,77.3,11,11.54,3607.04,53.9,0,9.51,4458.7764,539574,1.2,1,0.882,16.3,8.75,11,3.7,
Denmark,2004,0,77.7,98,11.27,4194.87,54.4,0,9.67,46511.6457,544523,1.2,1,0.893,16.5,8.74,9.9,3.7,
Denmark,2005,0,78.1,92,11.28,4442.76,55,0,9.77,48799.8237,5419432,1.2,1,0.897,16.6,8.84,9.3,3.6,30.8
Denmark,2006,0,78.1,93,11.02,4778.89,55.4,0,9.92,5226.99311,5437272,1.2,0.9,0.902,16.9,9.43,10.7,3.6,
Denmark,2007,0,78.4,93,10.99,5468.38,55.9,0,9.99,58487.451,5461438,1.2,0.9,0.904,16.7,9.59,9.8,3.5,
Denmark,2008,0,78.8,88,10.7,6137.78,56.3,0,1.18,64322.6664,5493621,1.1,0.9,0.906,16.8,9.58,9.1,3.5,
Denmark,2009,0,78.9,86,10.08,6221.69,56.6,0,11.47,58163.29359,552395,1.1,0.9,0.906,16.8,8.94,8.7,3.5,
Denmark,2010,0,79.2,84,10.28,6171.29,57,0,11.8,5841.41122,5547683,1.1,0.9,0.906,16.8,7.19,8.7,3.4,25.5
Denmark,2011,0,79.7,79,10.47,6438.21,57.4,0,1.87,61753.667,557572,1.1,0.9,0.91,16.9,9.15,7.7,3.4,
Denmark,2012,0,80,76,9.26,6168.34,57.7,0,1.98,5857.521,5591572,1.1,0.9,0.922,18.4,8.53,6.8,3.3,
Denmark,2013,0,81,75,9.5,6334.42,58.1,0,11.25,61191.19263,5614932,1.1,0.9,0.924,18.7,8.67,7.1,3.3,
Denmark,2014,0,84,73,9.64,6466.9,58.4,0,1.8,62425.5392,5643475,1.1,0.9,0.926,19.2,10.21,6.3,3.2,
Denmark,2015,0,86,71,9.42,5531.88,58.8,0,10.34,5314.64416,5683483,1.1,0.9,0.923,19.2,9.38,5.9,3.2,21.1
Estonia,2000,1,78,218,9.03,209.71,54,0,5.28,47.32827,1396985,2.5,2.5,0.764,14.4,7.07,10.7,3.9,46
Estonia,2001,1,78,225,10.1,214.7,54.3,0,4.85,4498.95727,1388115,2.4,2.5,0.781,15,6.07,11,3.9,
Estonia,2002,1,71.2,211,11.48,250.48,54.6,0,4.84,538.347781,137935,2.3,2.4,0.791,15.4,6.24,10.7,3.8,
Estonia,2003,1,71.9,199,11.64,349.06,54.9,0,4.92,7174.237415,13772,2.2,2.3,0.798,15.6,5.8,12.2,3.8,
Estonia,2004,1,72.3,195,15.07,455.07,55.2,0,5.13,885.465115,136255,2.2,2.3,0.805,15.7,5.99,12.3,3.8,
Estonia,2005,1,72.8,189,15.52,524.68,55.5,0,5.2,1338.31322,1354775,2.1,2.2,0.812,15.9,6.14,12.4,3.8,41.6
Estonia,2006,1,73,188,16.58,600.51,55.9,0,5.1,12595.4165,134681,2.1,2.2,0.822,16.1,6.6,11.9,3.7,
Estonia,2007,1,73,189,17.87,832.73,56.3,0,5.16,16586.452,13468,2,2.1,0.829,16.1,6.74,14.7,3.7,
Estonia,2008,1,74.2,167,16.99,1038.56,56.7,0,6.6,1894.5485,13379,2,2.1,0.835,16.1,7.25,13.1,3.7,
Estonia,2009,1,74.9,156,15.04,963.02,57.1,0,6.93,14726.31828,1334515,2,2,0.836,16.1,6.04,10.5,3.7,
Estonia,2010,1,75.6,137,14.97,926.45,57.6,0,6.25,14638.6482,1331475,1.9,2,0.833,16.2,4.95,13.9,3.7,37.2
Estonia,2011,1,76.1,138,16.27,1015.97,58,0,5.83,17454.84342,1327439,1.9,2,0.838,16.4,6.95,13.9,3.6,
Estonia,2012,1,76.3,135,16.96,1013.31,58.5,0,6.36,17421.8922,1322696,1.9,1.9,0.85,16.5,5.61,12.8,3.6,
Estonia,2013,1,76.9,127,17.75,1144.65,59,0,6.48,1929.7746,1317997,1.9,1.9,0.856,16.5,6.76,14.3,3.6,
Estonia,2014,1,77.3,122,17.49,1287.76,59.4,0,6.38,19941.45532,1314545,1.9,1.9,0.86,16.5,6.96,13.4,3.6,
Estonia,2015,1,77.6,119,16.72,1156.2,59.9,0,6.64,1774.9291,131547,1.9,1.9,0.863,16.5,7.39,10.9,3.6,33.3
Finland,2000,1,77.5,15,8.59,1726.74,55.5,0,7.22,24253.2542,517629,0.9,0.9,0.847,17.3,3.27,10.6,3.8,35.7
Finland,2001,1,78,1,8.94,1810.39,56.1,0,7.43,24913.24452,51888,0.9,0.8,0.856,17.7,1.9,11.8,3.8,
Finland,2002,1,78.1,98,9.25,2059.31,56.6,0,7.81,26834.2625,52598,0.9,0.8,0.863,18,1.98,12.2,3.7,
Finland,2003,1,78.4,98,9.31,2613.83,57.1,0,8.15,32816.1688,521314,0.9,0.8,0.866,18.1,2.24,13.8,3.7,
Finland,2004,1,78.7,12,9.89,3044.13,57.6,0,8.21,37636.11173,5228172,0.9,0.8,0.869,18.3,2.33,12.9,3.6,
Finland,2005,1,78.9,11,9.95,3236.87,58.1,0,8.43,38969.17163,524696,0.9,0.8,0.864,17.1,3,10.6,3.6,31.4
Finland,2006,1,79.2,96,10.15,3414.94,58.6,0,8.38,4112.67651,5266268,0.9,0.8,0.869,17.2,2.74,12.7,3.5,
Finland,2007,1,79.3,96,10.45,3918.66,59,0,8.9,48288.5491,528872,0.9,0.8,0.873,17.2,2.96,12.3,3.5,
Finland,2008,1,79.6,94,10.26,4486.36,59.4,0,8.35,5341.31487,5313399,0.9,0.8,0.876,17.1,3,10.7,3.5,
Finland,2009,1,79.7,91,9.96,4349.93,59.8,0,9.2,4717.15571,5338871,0.9,0.8,0.878,17,2.23,10.1,3.5,
Finland,2010,1,79.9,89,9.72,4251.59,6.2,0,9.5,4622.41516,5363352,0.9,0.8,0.874,16.8,0.95,11.7,3.5,27.8
Finland,2011,1,83,86,9.81,4717.57,6.6,0,9.1,579.72415,5388272,0.9,0.8,0.878,16.9,3.39,10.2,3.5,
Finland,2012,1,84,82,9.24,4573.29,61,0,9.3,47415.55987,5413971,0.9,0.8,0.884,17,1.63,9.1,3.5,
Finland,2013,1,87,79,8.97,4892.2,61.4,0,9.55,49638.7713,5438972,0.9,0.8,0.887,17,3.2,9.2,3.5,
Finland,2014,1,89,78,8.8,4922.65,61.7,0,9.68,49914.61864,5461512,0.9,0.8,0.89,17,3.33,8.5,3.4,
Finland,2015,1,81.1,76,8.52,4128.4,62.1,0,9.65,4245.39744,5479531,0.9,0.8,0.893,17,3.6,7.8,3.4,24.5
France,2000,1,78.8,13,13.63,2161.85,54.6,4,9.77,22465.64184,6912498,0.7,0.6,0.844,15.7,11.85,6.1,3.8,34.2
France,2001,1,79,13,13.89,2192.72,55.2,4,9.89,22527.31775,61357431,0.7,0.6,0.849,15.6,11.41,6.1,3.8,
France,2002,1,79.2,11,13.78,2449.76,55.8,4,1.22,24275.2426,6185267,0.7,0.6,0.851,15.5,11.84,6,3.8,
France,2003,1,79.3,99,13.49,3006.31,56.4,4,1.43,29691.18158,62244884,0.6,0.6,0.852,15.4,11.88,6.1,3.8,
France,2004,1,82,94,13.18,3458.63,57,4,1.53,33874.74255,6274897,0.6,0.6,0.857,15.5,11.36,6,3.8,
France,2005,1,81,93,12.2,3575.03,57.5,4,1.6,34879.72633,63179356,0.6,0.6,0.86,15.5,11.35,6,3.7,34.1
France,2006,1,86,92,12.4,3811.55,58,4,1.53,36544.5853,63621376,0.6,0.6,0.87,16.1,11.83,5.8,3.7,
France,2007,1,89,89,12.2,4312.31,58.6,3,1.45,416.58397,6416229,0.6,0.6,0.873,16.1,11.62,5.7,3.7,
France,2008,1,89,88,11.9,4807.37,59.1,3,1.57,45413.6571,6437499,0.6,0.6,0.877,16.1,11.31,5.6,3.7,
France,2009,1,81.1,88,11.8,4737.58,59.6,3,11.28,41631.13141,647744,0.6,0.6,0.879,16,11.7,5.3,3.7,
France,2010,1,81.3,86,11.7,4592.38,6.1,3,11.2,473.34279,6527512,0.6,0.6,0.879,16,10.63,5.4,3.7,33.8
France,2011,1,81.7,83,11.8,4931.88,6.6,3,11.33,4381.288,65342776,0.6,0.6,0.882,16.1,12.31,5.1,3.7,
France,2012,1,81.5,83,11.5,4644.6,61.1,3,11.44,4838.2444,6565979,0.6,0.6,0.885,16.1,11.54,5.2,3.7,
France,2013,1,82,81,11.1,4888.47,61.6,3,11.56,42554.1225,6599857,0.6,0.6,0.887,16.2,11.1,5.1,3.6,
France,2014,1,82.2,79,11.5,4878.56,62,3,11.54,42955.24287,66331957,0.6,0.6,0.89,16.2,12.48,4.6,3.6,
France,2015,1,82.4,78,11.87,4199.07,62.5,3,11.44,36526.7711,6662468,0.7,0.6,0.894,16.3,12.17,4.7,3.6,33.7
Germany,2000,0,78,95,12.91,2344.35,55.1,4,1.1,23718.7467,8221158,1.2,1.2,0.855,16.1,10.09,10.1,3.9,36.4
Germany,2001,0,78.3,92,12.46,2346.67,55.6,4,1.15,23687.31689,82349925,1.2,1.1,0.86,16.2,9.21,10.3,3.9,
Germany,2002,0,78.4,91,12.25,2567.5,56.1,4,1.4,2525.16445,82488495,1.2,1.1,0.867,16.2,9.75,10.1,3.9,
Germany,2003,0,78.5,9,11.92,3152.79,56.6,4,1.62,3359.95215,82534176,1.1,1.1,0.872,16.3,9.57,10.1,3.8,
Germany,2004,0,79.1,86,11.83,3459.82,57.1,3,1.37,34165.9343,8251626,1.1,1.1,0.877,16.3,9.14,10,3.8,
Germany,2005,0,79.2,85,11.67,3558.21,57.6,3,1.52,34696.6292,82469422,1.1,1.1,0.884,16.4,9.26,9.7,3.7,32.1
Germany,2006,0,79.6,84,11.76,3698.04,58,3,1.34,36447.87232,82376451,1.1,1.1,0.892,16.4,9.82,9.9,3.7,
Germany,2007,0,79.8,82,11.5,4182.92,58.5,3,1.18,41814.8191,82266372,1.1,1.1,0.898,16.5,10.09,9.5,3.7,
Germany,2008,0,79.9,8,11.36,4669.76,59,3,1.39,45699.19832,821197,1.1,1.1,0.903,16.6,9.76,9.6,3.7,
Germany,2009,0,80,79,11.22,4674.92,59.5,3,11.4,41732.7725,819237,1.1,1.1,0.906,16.6,9.51,9,3.6,
Germany,2010,0,81,76,11.2,4611.42,59.9,3,11.25,41785.55691,8177693,1.1,1.1,0.907,16.7,8.19,9.5,3.6,28.3
Germany,2011,0,85,74,11.2,5037.51,6.4,3,1.93,4681.32796,8274983,1.1,1.1,0.912,16.7,10.02,9.3,3.6,
Germany,2012,0,86,71,11.18,4765.69,6.9,3,1.99,4465.24891,8425823,1.1,1.1,0.916,16.8,9.45,9.5,3.5,
Germany,2013,0,86,71,10.94,5099.89,61.4,3,11.16,4653.91143,864565,1.1,1.1,0.919,16.9,9.07,9.6,3.5,
Germany,2014,0,89,69,11.03,5307.38,61.9,3,11.3,4792.65288,89825,1.1,1.1,0.92,16.9,10.64,9.1,3.5,
Germany,2015,0,81,68,11.06,4624.63,62.3,3,11.18,41176.88158,81686611,1.1,1.1,0.924,17,10.32,9.1,3.4,24.9
Greece,2000,1,78.2,84,8.48,885.41,57.4,1,7.6,1242.95373,18588,0.9,0.8,0.794,13.9,14.36,8.7,3.4,54.9
Greece,2001,1,78.7,83,8.62,1004.82,58,1,8.47,12538.17883,1862132,0.9,0.8,0.801,14.2,14.58,8.9,3.4,
Greece,2002,1,79,81,8.09,1168.82,58.6,1,8.72,1411.31339,19222,0.8,0.8,0.811,14.6,14.27,8.9,3.4,
Greece,2003,1,79.1,81,9.46,1566.41,59.2,1,8.61,18477.57841,19287,0.8,0.8,0.823,15.2,14.08,9.2,3.4,
Greece,2004,1,79.2,81,9.56,1782.7,59.9,1,8.3,21955.149,1955141,0.8,0.8,0.83,15.3,14.07,9.1,3.4,
Greece,2005,1,79.3,81,9.95,1935.27,6.5,1,9.36,22551.73574,1987314,0.8,0.7,0.839,15.6,13.73,9.3,3.3,48.5
Greece,2006,1,79.7,77,9.42,2052.88,61.2,1,9.34,2481.15781,112362,0.8,0.7,0.85,16.3,13.78,9.1,3.3,
Greece,2007,1,79.4,8,9.67,2426.76,61.8,0,9.41,28827.32636,1148473,0.8,0.7,0.855,16.4,14.53,9.4,3.3,
Greece,2008,1,79.9,77,9.51,2840.51,62.4,0,9.76,31997.2821,1177841,0.8,0.7,0.853,15.9,14.54,9.1,3.3,
Greece,2009,1,80,78,9.08,2809.06,63.1,0,9.76,2971.973,111717,0.8,0.7,0.857,16.2,14.47,8.5,3.3,
Greece,2010,1,83,76,9,2564.37,63.7,0,9.18,26917.75898,11121341,0.8,0.7,0.859,16.4,14.97,7.9,3.3,42.9
Greece,2011,1,85,76,8.02,2338.92,64.3,0,9.77,25916.29353,1114899,0.8,0.7,0.86,16.7,13.83,7.6,3.3,
Greece,2012,1,84,76,8.2,1948.25,64.9,0,9.24,22242.68193,114511,0.8,0.7,0.858,16.8,14.69,7.3,3.3,
Greece,2013,1,86,74,7.46,1832.03,65.4,0,9.26,21874.8195,1965211,0.8,0.7,0.86,17.1,14.74,6.6,3.3,
Greece,2014,1,88,73,7.53,1700.49,66,0,8.8,21673.7817,1892413,0.8,0.7,0.862,17.2,14.67,6.4,3.3,
Greece,2015,1,81,72,6.68,1481.42,66.5,0,8.22,187.78991,182883,0.8,0.7,0.865,17.2,14.35,6.3,3.3,37.9
Hungary,2000,0,71.7,193,12.22,313.11,56.1,1,7.6,4623.46712,121971,2.3,2.3,0.761,13.9,12.14,5.4,4,37.4
Hungary,2001,0,72.3,185,13.18,359.7,56.6,1,7.11,527.85364,1187576,2.2,2.2,0.769,14.2,11.07,5.5,4,
Hungary,2002,0,72.5,184,13.29,473.13,57.1,1,7.47,665.6443,115868,2.2,2.2,0.775,14.6,11.88,5.5,3.9,
Hungary,2003,0,72.5,184,13.24,682.87,57.6,1,8.42,8396.25323,1129552,2.1,2.1,0.784,14.9,11.12,5.7,3.9,
Hungary,2004,0,72.9,18,13.28,798.45,58.2,1,8.8,1259.5266,117146,2.1,2.1,0.793,15.3,10.82,5.6,3.9,
Hungary,2005,0,72.9,182,12.94,895.2,58.8,1,8.28,11161.72441,18765,2,2,0.795,15,10.47,5.5,3.8,35.9
Hungary,2006,0,73.4,177,13.16,893.2,59.3,1,8.1,11398.76584,17137,2,2,0.802,15.2,11.12,5.5,3.8,
Hungary,2007,0,73.5,176,12.55,1003.26,59.9,1,7.51,13842.6549,15578,1.9,1.9,0.809,15.3,12.19,5.4,3.8,
Hungary,2008,0,74.1,165,11.64,117.2,6.5,1,7.33,15669.25929,138188,1.9,1.9,0.812,15.3,12.1,5.3,3.8,
Hungary,2009,0,74.2,162,11.46,943.69,61.1,1,7.55,12967.16543,12265,1.8,1.8,0.816,15.3,11.95,4.8,3.7,
Hungary,2010,0,74.5,156,10.78,983.11,61.7,1,7.85,1325.53379,123,1.8,1.8,0.817,15.3,10.97,4.8,3.7,34.6
Hungary,2011,0,74.8,15,11.51,1063.43,62.4,1,7.84,1448.87958,9971727,1.7,1.7,0.821,15.4,11.5,4.7,3.7,
Hungary,2012,0,75,146,11.27,961.14,63,1,7.74,12834.32349,992362,1.7,1.7,0.823,15.4,11.9,4.4,3.6,
Hungary,2013,0,75.5,139,10.88,990.63,63.6,1,7.53,13613.6147,989382,1.7,1.7,0.824,15.4,11.8,4.1,3.6,
Hungary,2014,0,75.6,137,10.92,1006.16,64.2,0,7.4,14117.97668,9866468,1.7,1.6,0.834,15.8,12.65,4.1,3.6,
Hungary,2015,0,75.8,134,10.95,870.52,64.8,0,6.85,12365.6263,984328,1.6,1.6,0.834,15.6,12.4,4.4,3.5,33.2
Ireland,2000,0,76.4,94,14.07,1564.84,51.5,0,6.3,26241.91883,385174,0.3,0.3,0.848,16.2,9.62,11.2,3.6,35.6
Ireland,2001,0,77,89,14.27,1823.73,52.2,0,6.6,28223.55528,3866243,0.3,0.3,0.857,16.4,9.54,11.6,3.6,
Ireland,2002,0,77.4,88,14.17,2200.36,52.9,0,6.85,32539.1937,3931947,0.3,0.3,0.862,16.5,9.9,11.2,3.6,
Ireland,2003,0,78,82,13.24,2910.93,53.6,0,7.5,4117.15532,3996521,0.3,0.2,0.87,16.8,10.01,11,3.6,
Ireland,2004,0,78.3,82,13.32,3483.16,54.4,0,7.34,47631.6377,47262,0.3,0.2,0.88,17.1,9.89,11,3.5,
Ireland,2005,0,78.7,78,13.31,3938.19,55.1,0,7.27,5886.82789,4159914,0.3,0.2,0.889,17.5,10.02,11.2,3.5,31.2
Ireland,2006,0,79,78,13.44,4147.13,55.8,0,7.22,54326.9713,4273591,0.3,0.2,0.896,17.6,10.14,11.1,3.5,
Ireland,2007,0,79.5,75,13.59,4858.65,56.6,0,7.57,61388.17457,4398942,0.3,0.2,0.902,17.6,10.27,10.6,3.5,
Ireland,2008,0,79.8,75,12.66,5638.78,57.4,0,8.64,61235.415,4489544,0.3,0.2,0.908,17.9,9.64,10.2,3.4,
Ireland,2009,0,79.7,77,11.41,5502.89,58.2,0,9.53,51983.78892,4535375,0.3,0.2,0.909,17.9,9.66,8.9,3.4,
Ireland,2010,0,86,68,11.88,5133.46,58.9,0,8.76,48538.58776,456155,0.3,0.2,0.907,18.2,8.71,8.8,3.4,27.1
Ireland,2011,0,84,7,11.72,5558.3,59.7,0,8.15,52567.52568,4576794,0.3,0.2,0.909,18.5,9.76,8,3.4,
Ireland,2012,0,85,69,11.49,5222.04,6.5,0,8.32,49231.36254,4586897,0.3,0.2,0.895,18.5,9.5,8,3.3,
Ireland,2013,0,81,67,10.49,5328.58,61.3,0,8.1,5234.76736,4598294,0.3,0.2,0.902,18.6,9.49,7.7,3.3,
Ireland,2014,0,81.2,66,10.75,5329.98,62.1,0,7.78,5553.32623,4617225,0.3,0.2,0.91,18.6,10.09,7.6,3.3,
Ireland,2015,0,81.4,64,10.81,4561.39,62.8,0,7.32,6664.144,4676835,0.3,0.2,0.92,18.6,9.44,7.9,3.3,23.8
Italy,2000,0,79.4,77,9.78,1524.24,55,3,7.91,251.2426,5694218,0.5,0.5,0.823,14.8,13.34,7.7,3.8,26.2
Italy,2001,0,79.8,75,9.69,1586.66,55.7,3,8.11,24.819,569741,0.5,0.5,0.828,14.9,13.15,7.7,3.8,
Italy,2002,0,80,72,9.25,1762.54,56.4,3,8.23,22196.5736,57597,0.5,0.5,0.836,15.2,13.36,7.8,3.8,
Italy,2003,0,79.9,72,9.3,2163.03,57,3,8.17,27387.2258,5731323,0.5,0.5,0.841,15.4,13.48,8.1,3.7,
Italy,2004,0,89,66,8.98,2565.63,57.6,3,8.49,31174.56118,57685327,0.5,0.5,0.846,15.6,12.88,8.2,3.7,
Italy,2005,0,88,66,8.65,2677.55,58.2,2,8.71,31959.26215,57969484,0.5,0.5,0.851,15.8,12.5,8.2,3.7,25.3
Italy,2006,0,81.2,65,8.44,2832.7,58.8,2,8.82,3341.7482,58143979,0.5,0.5,0.856,16,13.23,8,3.7,
Italy,2007,0,81.3,63,8.37,3092.56,59.4,2,8.48,37698.78573,5843831,0.5,0.5,0.862,16.1,13.44,7.9,3.7,
Italy,2008,0,81.5,61,7.96,3504.11,59.9,2,8.89,464.18465,58826731,0.5,0.5,0.866,16.3,13.3,7.6,3.7,
Italy,2009,0,81.6,61,7.25,3337.75,6.5,2,9.41,36976.84512,5995365,0.5,0.5,0.868,16.3,13.35,6.7,3.6,
Italy,2010,0,81.8,6,6.95,3217.68,61,2,9.42,35849.37364,59277417,0.5,0.5,0.869,16.4,12.75,6.8,3.6,24.5
Italy,2011,0,82,6,6.98,3522.56,61.5,2,9.27,38334.68477,59379449,0.5,0.5,0.872,16.4,13.57,6.7,3.6,
Italy,2012,0,82,6,7.49,3086.3,62.1,2,9.28,34814.12436,59539717,0.5,0.6,0.877,16.6,13.44,6.3,3.6,
Italy,2013,0,82.3,58,7.35,3149.24,62.6,2,9.22,3537.27441,6233948,0.5,0.6,0.876,16.5,13.16,5.8,3.6,
Italy,2014,0,82.5,57,7.56,3154.28,63.1,2,9.25,35396.66517,678914,0.6,0.6,0.877,16.3,13.84,5.4,3.5,
Italy,2015,0,82.7,56,7.14,2675.67,63.6,2,8.86,349.14755,673582,0.6,0.6,0.881,16.3,13.8,5.6,3.5,23.8
Latvia,2000,0,71,218,7.13,181.57,55.4,0,6,3352.731296,236755,2.8,2.8,0.716,13.7,7.54,2.9,4,43.8
Latvia,2001,0,69.9,228,6.68,205.02,55.7,0,6.17,3572.8513,233717,2.8,2.8,0.728,14.2,6.65,3.1,4,
Latvia,2002,0,73,219,7.44,237.3,56,0,6.29,4132.34927,231173,2.7,2.7,0.746,14.8,7.07,3.2,4,
Latvia,2003,0,78,29,8.24,280.51,56.3,0,6.15,5134.95694,2287955,2.6,2.6,0.761,15.2,6.39,3.3,4,
Latvia,2004,0,71,26,8.81,393.3,56.6,0,6.51,6351.8125,2263122,2.5,2.6,0.776,15.5,6.47,3.4,3.9,
Latvia,2005,0,76,216,9.92,440.81,57,0,6.37,7558.7426,2238799,2.5,2.5,0.791,15.9,6.46,3.4,3.9,41.9
Latvia,2006,0,75,229,10.4,552.3,57.4,0,6.8,9667.9757,2218357,2.4,2.5,0.807,16.2,7.02,3.7,3.9,
Latvia,2007,0,78,221,12.12,775.19,57.7,0,7.1,1444.1589,22325,2.4,2.4,0.814,16.2,7.3,3.9,3.9,
Latvia,2008,0,71.9,199,11.84,913.52,58.1,0,6.63,16348.53121,2177322,2.3,2.4,0.819,16.3,7.69,3.7,3.8,
Latvia,2009,0,72.6,184,9.85,744.66,58.5,0,6.84,12219.37379,2141669,2.3,2.3,0.821,16.4,6.63,3.4,3.8,
Latvia,2010,0,72.8,18,9.8,689.08,58.9,0,6.55,11326.21947,297555,2.2,2.3,0.815,16,5.66,4.1,3.8,40.1
Latvia,2011,0,73.6,169,10.14,764.59,59.4,0,6.1,1372.68947,25979,2.2,2.3,0.81,15.8,7.26,3.8,3.8,
Latvia,2012,0,73.8,163,10.21,745.52,59.8,0,5.91,13822.8559,234319,2.2,2.2,0.812,15.5,6.19,3.7,3.7,
Latvia,2013,0,74.1,161,10.37,807.13,6.2,0,5.67,1532.22924,212647,2.2,2.2,0.814,15.4,7.08,3.7,3.7,
Latvia,2014,0,74.4,156,10.6,856.77,6.7,0,5.88,15725.1374,1993782,2.2,2.2,0.822,16,7.36,3.7,3.7,
Latvia,2015,0,74.6,153,10.8,775.86,61.2,0,5.65,13666.58336,1977527,2.2,2.1,0.828,16,7.94,3.7,3.6,38.5
Lithuania,2000,0,71.6,2,9.87,217.18,56.9,0,6.46,3297.35471,3499536,3.4,3.4,0.745,14,8.09,3,4.2,41.4
Lithuania,2001,0,71.2,21,10.2,218.82,57.2,0,6.26,353.147337,347818,3.3,3.3,0.757,14.7,7.17,3.2,4.1,
Lithuania,2002,0,71.4,22,11,254.37,57.5,0,6.4,4146.987928,344367,3.3,3.3,0.77,15.3,7.72,3.3,4.1,
Lithuania,2003,0,71.6,22,11.29,338.86,57.8,0,6.46,555.535669,3415213,3.2,3.2,0.78,15.8,6.88,3.3,4.1,
Lithuania,2004,0,71.6,24,12.1,366.96,58.1,0,5.67,676.966998,337775,3.1,3.1,0.792,16.3,6.89,3.5,4,
Lithuania,2005,0,78,222,12.3,438.93,58.4,0,5.83,7863.1629,3322528,3,3.1,0.798,16.2,6.88,3.9,4,38.9
Lithuania,2006,0,76,229,12.7,536.06,58.7,0,6.2,924.642548,326999,3,3,0.807,16.4,7.38,4,4,
Lithuania,2007,0,72,24,13.4,704.29,59,0,6.22,12297.91535,3231294,2.9,3,0.812,16.4,7.83,4.1,3.9,
Lithuania,2008,0,71.1,224,13.3,936.51,59.3,0,6.61,14961.56818,3198231,2.9,2.9,0.82,16.5,8.14,4.1,3.9,
Lithuania,2009,0,72.2,192,12.4,864.74,59.7,0,7.53,11837.3913,3162916,2.8,2.9,0.825,16.6,7.13,3.7,3.9,
Lithuania,2010,0,72.4,188,12.9,805.22,6,0,7.9,11984.86857,397282,2.8,2.8,0.824,16.8,6.31,4.1,3.8,36.4
Lithuania,2011,0,72.8,18,12.66,925.47,6.5,0,6.86,14357.73679,328115,2.7,2.8,0.826,16.7,7.68,3.9,3.8,
Lithuania,2012,0,73,176,15.14,896.94,6.9,0,6.67,14341.836,2987773,2.7,2.7,0.83,16.5,6.78,4,3.8,
Lithuania,2013,0,73,178,15.04,958.93,61.4,0,6.59,15712.82376,2957689,2.7,2.7,0.834,16.4,8.54,3.8,3.7,
Lithuania,2014,0,73.4,169,15.19,1021.23,61.9,0,6.55,16554.97139,2932367,2.6,2.7,0.841,16.5,7.84,3.7,3.7,
Lithuania,2015,0,73.6,165,14.2,920.2,62.4,0,6.49,14252.42853,29491,2.6,2.6,0.846,16.5,8.43,3.8,3.7,34
Luxembourg,2000,0,77.8,98,13.14,2901.2,54,0,7.48,48735.99549,4363,1,1,0.848,13.5,10.36,19.6,3.8,31
Luxembourg,2001,0,78,96,12.89,3109.2,54.6,0,7.4,48179.4285,441525,1,1,0.854,13.4,9.82,20.7,3.7,
Luxembourg,2002,0,78.3,95,12.91,3600.87,55.2,0,8.27,5293.64115,446175,1,0.9,0.86,13.5,10.27,22,3.7,
Luxembourg,2003,0,78.6,92,12.61,4607.4,55.8,0,7.67,65445.8853,45163,1,0.9,0.865,13.6,10.16,22.7,3.6,
Luxembourg,2004,0,78.7,92,12.42,5610.35,56.4,0,8.2,75716.3518,45895,1,0.9,0.867,13.5,9.64,25.5,3.6,
Luxembourg,2005,0,78.8,9,11.84,5818.15,57,0,7.95,8289.69641,465158,1,0.9,0.874,13.5,9.92,25.6,3.5,28.2
Luxembourg,2006,0,79.4,85,11.98,6070.74,57.5,0,7.75,89739.7117,472637,0.9,0.9,0.88,13.5,10.26,24.8,3.5,
Luxembourg,2007,0,79.7,82,11.75,6671.27,57.9,0,6.8,1618.4928,479993,0.9,0.9,0.877,13.5,10.44,23.2,3.4,
Luxembourg,2008,0,80,8,11.53,7578.75,58.4,0,7.34,114293.8433,48865,0.9,0.9,0.887,13.5,9.86,22.6,3.4,
Luxembourg,2009,0,83,76,11.42,7670.59,58.8,0,8.11,13198.6693,497783,0.9,0.9,0.888,13.5,10,21,3.4,
Luxembourg,2010,0,86,73,11.36,7459.84,59.2,0,7.68,14965.361,56953,0.9,0.9,0.884,13.7,8.76,21.8,3.4,25.6
Luxembourg,2011,0,88,72,11.5,7174.74,59.6,0,7.34,115761.577,518347,0.9,0.9,0.894,13.9,10.55,21,3.3,
Luxembourg,2012,0,81.1,7,11.34,6029.48,6.1,0,7.18,16749.136,53946,0.9,0.9,0.892,13.9,9.83,20.1,3.3,
Luxembourg,2013,0,81.4,68,11.02,6356.64,6.5,0,7.1,113751.85,54336,0.9,0.9,0.892,13.9,9.33,18.7,3.3,
Luxembourg,2014,0,81.7,65,11.12,6547.03,6.9,0,6.94,119172.7418,556319,1,0.9,0.892,13.9,11.06,17.3,3.3,
Luxembourg,2015,0,82,63,11.37,5421.93,61.3,0,5.08,1199.8223,56964,1,0.9,0.896,13.9,10.52,16,3.2,23.2
Malta,2000,0,77.5,8,5.59,647.1,62.3,0,6.83,1139.5651,3987,0.8,0.7,0.779,13.8,19.5,5.5,3.9,34.3
Malta,2001,0,77.8,79,5.62,685.98,62.8,0,7.11,1121.78636,39328,0.7,0.7,0.783,13.7,19.92,6.3,3.9,
Malta,2002,0,78.2,75,5.73,830.65,63.4,0,7.86,11843.9392,395969,0.7,0.7,0.786,13.8,19.57,5.9,3.9,
Malta,2003,0,78.5,71,6.7,1074.09,63.9,0,8.6,13689.98999,398582,0.7,0.7,0.79,13.8,19.77,6.5,3.8,
Malta,2004,0,78.7,69,6.53,1223.86,64.5,0,8.46,1519.5497,41268,0.7,0.7,0.797,14.2,19.33,6.5,3.8,
Malta,2005,0,79,67,6.41,1379.69,65,0,8.83,15835.34667,43834,0.7,0.7,0.805,14.8,19.13,6.5,3.8,31.4
Malta,2006,0,79.3,66,8.84,1474.48,65.6,0,8.93,16671.5672,4538,0.7,0.7,0.809,14.8,19.66,6.5,3.8,
Malta,2007,0,79.6,65,7.45,1596.12,66.1,0,8.36,19375.5696,46724,0.7,0.7,0.808,14.4,19.69,6.7,3.7,
Malta,2008,0,80,64,7.14,1751.17,66.6,0,8.15,21928.767,49379,0.7,0.7,0.813,14.6,19.71,6.7,3.7,
Malta,2009,0,82,63,7.38,1677.36,67.1,0,8.33,2675.58259,412477,0.8,0.7,0.815,14.4,19.62,6.1,3.7,
Malta,2010,0,83,62,7.91,1733.67,67.6,0,8.3,2187.79469,41458,0.8,0.7,0.819,14.6,19.85,6.2,3.7,28.6
Malta,2011,0,87,59,6.91,1960.06,68,0,9.6,22821.847,416268,0.8,0.7,0.826,14.8,19.44,6.2,3.7,
Malta,2012,0,81,58,7.67,1898.6,68.4,0,9.95,2193.8836,419455,0.8,0.7,0.821,14.1,19.89,6.5,3.7,
Malta,2013,0,81.1,57,8.58,2121.08,68.8,0,9.89,2393.1888,423374,0.8,0.7,0.828,14.2,19.79,5.6,3.6,
Malta,2014,0,81.4,55,8.49,2456.43,69.2,0,9.75,2618.92599,427364,0.8,0.8,0.847,14.3,20.12,5.4,3.6,
Malta,2015,0,81.7,54,7.37,2243.47,69.6,0,8.9,23819.4636,431874,0.8,0.8,0.853,14.6,20.01,3.7,3.6,26.3
Netherlands,2000,0,78.1,84,10.06,2028.18,51.8,1,7.42,25921.12794,15925513,1.1,1.1,0.873,16.5,10.85,10.2,3.8,34.3
Netherlands,2001,0,78.3,82,9.95,2175.73,52.6,1,7.79,26584.12169,164618,1.1,1.1,0.878,16.7,10.3,10.4,3.7,
Netherlands,2002,0,78.4,81,9.68,2544.81,53.4,1,8.34,28817.32321,16148929,1.1,1,0.882,16.9,10.74,10.4,3.7,
Netherlands,2003,0,78.7,8,9.56,3244.36,54.2,1,8.46,35245.1647,1622532,1.1,1,0.881,16.5,10.58,10.5,3.6,
Netherlands,2004,0,79.2,77,9.56,3689.46,55,1,8.52,39954.64222,16281779,1,1,0.885,16.5,10.3,10.6,3.6,
Netherlands,2005,0,79.4,72,9.69,3823.48,55.8,1,9.6,41577.169,16319868,1,1,0.888,16.4,10.55,10.3,3.6,30.6
Netherlands,2006,0,79.8,71,9.79,4080.22,56.5,1,9.36,44453.97119,1634611,1,1,0.893,16.5,10.93,10,3.5,
Netherlands,2007,0,82,68,9.53,4696.14,57.3,1,9.36,51241.31562,16381696,1,1,0.899,16.6,11.06,10,3.5,
Netherlands,2008,0,83,68,9.62,5382.45,57.9,1,9.57,56928.8248,16445593,1,0.9,0.905,16.8,10.55,10,3.5,
Netherlands,2009,0,86,65,9.23,5282.74,58.6,1,1.29,519.349,1653388,1,0.9,0.906,16.9,10.49,9.7,3.4,
Netherlands,2010,0,88,64,9.33,5191.69,59.3,1,1.48,5338.25483,16615394,1,0.9,0.906,17,9.06,10.3,3.4,27.5
Netherlands,2011,0,81.1,63,8.96,5562.12,59.9,1,1.53,5354.6536,1669374,1,0.9,0.911,17.2,10.9,9.5,3.4,
Netherlands,2012,0,81.1,62,9.05,5284.65,6.5,1,11.1,49474.7561,16754962,1,0.9,0.921,18.1,10.24,9.4,3.4,
Netherlands,2013,0,81.4,6,8.68,5532.73,61,1,11.4,51574.48942,1684432,1,0.9,0.922,18.1,9.76,9.3,3.3,
Netherlands,2014,0,81.7,58,8.38,5601.89,61.6,1,1.9,52157.4687,168658,1,0.9,0.923,18.1,11.63,8.9,3.3,
Netherlands,2015,0,81.9,57,8.3,4676.56,62.1,1,10.32,44292.88473,16939923,1,0.9,0.923,18.1,10.89,9.3,3.3,24.6
Poland,2000,0,73.7,153,8.4,238,53.1,4,5.5,4492.72764,38258629,2.5,2.8,0.777,14.6,9.46,7.7,3.8,39.6
Poland,2001,0,74.2,149,7.74,282.82,53.6,3,5.86,4981.198619,3824876,2.5,2.7,0.784,14.7,8.35,7.7,3.8,
Poland,2002,0,74.5,145,8.02,315.83,54,3,6.32,5196.932921,3823364,2.5,2.6,0.79,15,9.09,7.5,3.7,
Poland,2003,0,74.7,142,9.06,339.34,54.5,3,6.22,5693.52416,382457,2.4,2.6,0.796,15.3,8.39,7.8,3.7,
Poland,2004,0,74.9,143,9.19,392,55,3,6.19,6681.178818,38182222,2.4,2.5,0.8,15.5,8.32,7.9,3.7,
Poland,2005,0,75,144,9.5,465.7,55.5,3,6.2,821.251569,38165445,2.3,2.5,0.797,14.8,8.29,7.9,3.7,35
Poland,2006,0,75.2,144,10.4,524.1,56,3,6.17,94.7726,38141267,2.3,2.4,0.803,15,8.68,8.2,3.7,
Poland,2007,0,75.3,144,10.9,660.92,56.6,3,6.28,1126.31852,381256,2.2,2.4,0.808,15,9.37,8.2,3.6,
Poland,2008,0,75.5,14,11.4,892.6,57.2,3,6.88,141.44688,38125759,2.2,2.3,0.813,15,9.41,8.1,3.6,
Poland,2009,0,75.7,136,10.7,759.61,57.8,3,7.12,11527.59323,3815163,2.1,2.3,0.818,15.1,8.68,7.8,3.6,
Poland,2010,0,76.3,13,10.59,809.2,58.4,2,6.88,12599.52486,3842794,2.1,2.2,0.822,15.1,7.64,8.2,3.6,30.8
Poland,2011,0,76.7,128,10.93,866.09,59.1,2,6.7,13893.18768,3863255,2,2.2,0.829,15.4,8.96,8.2,3.5,
Poland,2012,0,76.8,125,10.81,815.14,59.7,2,6.62,13145.1484,3863164,2,2.1,0.834,15.3,8.57,8,3.5,
Poland,2013,0,77.1,12,11.63,878.09,6.4,2,6.4,1378.54911,384196,2,2.1,0.838,15.4,8.66,7.8,3.5,
Poland,2014,0,77.3,12,10.71,911.3,61.1,2,6.35,14341.675,3811735,1.9,2.1,0.85,16.4,9.79,7.5,3.4,
Poland,2015,0,77.5,117,10.47,803.96,61.7,2,6.39,12565.9876,37986412,1.9,2,0.852,16.4,9.79,7.6,3.4,27.2
Portugal,2000,0,76.6,11,11.89,995.34,5.1,1,9.14,1152.39681,1289898,0.8,0.6,0.777,15.5,15.58,6,3.7,25.7
Portugal,2001,0,76.9,11,12.22,1015.55,5.9,1,9.1,11729.14616,1362722,0.8,0.6,0.782,15.7,15.71,5.9,3.7,
Portugal,2002,0,77.2,17,12,1139.4,51.7,1,9.15,12882.28897,1419631,0.8,0.6,0.788,15.9,15.58,6.3,3.7,
Portugal,2003,0,77.3,15,14.21,1443.38,52.5,1,9.54,15772.7334,1458821,0.7,0.6,0.789,15.8,16.07,5.8,3.7,
Portugal,2004,0,78,99,13.45,1723.74,53.3,1,9.84,1845.5881,1483861,0.7,0.6,0.792,15.9,15.68,5.9,3.7,
Portugal,2005,0,77.7,11,13.33,1814.35,54.1,1,9.98,18784.9485,15333,0.7,0.6,0.79,15.4,15.71,6.2,3.6,25.3
Portugal,2006,0,78.5,96,13.11,1857.65,54.9,0,9.67,19821.44463,1522288,0.7,0.5,0.793,15.4,16.25,5.7,3.6,
Portugal,2007,0,78.7,94,12.57,2112.53,55.7,0,9.62,2278.5845,1542964,0.7,0.5,0.797,15.4,15.56,5.6,3.6,
Portugal,2008,0,79,92,12.35,2391.98,56.5,0,9.9,24815.6884,1558177,0.7,0.5,0.804,15.8,15.59,5.4,3.7,
Portugal,2009,0,79.3,9,12.03,2346.54,57.3,0,1.42,2363.97161,1568247,0.7,0.5,0.809,16,16.21,5.3,3.7,
Portugal,2010,0,79.6,88,12.25,2259.3,58.1,0,1.44,22538.6548,15731,0.7,0.5,0.812,16,15.76,4.8,3.7,25.3
Portugal,2011,0,82,85,11.92,2255.97,58.8,0,1.7,23196.18375,155756,0.7,0.5,0.818,16.2,16.21,4.7,3.7,
Portugal,2012,0,83,81,11.96,1980.02,59.5,0,9.74,2577.4264,1514844,0.7,0.5,0.824,16.3,15.79,4.6,3.6,
Portugal,2013,0,86,79,10,2030.63,6.2,0,9.55,21618.73534,1457295,0.7,0.5,0.827,16.3,15.7,4.5,3.6,
Portugal,2014,0,89,78,9.88,2059.93,6.9,0,9.5,2277.53613,14162,0.7,0.5,0.837,16.8,16.2,4.4,3.6,
Portugal,2015,0,81.1,76,10.34,1790.53,61.6,0,9.32,1922.681,135876,0.7,0.5,0.841,16.6,16.26,4.8,3.6,25.2
Romania,2000,0,77,175,10.16,69.89,51.4,5,4.33,1668.162731,22442971,4,4.3,0.703,11.5,10.53,4,3.7,35
Romania,2001,0,78,179,9.78,78.82,51.9,5,4.36,1839.72945,2213197,3.8,4.2,0.708,11.7,9.89,4.3,3.6,
Romania,2002,0,77,178,9.62,96.58,52.4,5,4.57,2124.873613,2173496,3.7,4.1,0.714,12,10.46,4.3,3.6,
Romania,2003,0,71.1,174,8.78,143.55,52.9,4,5.3,2774.95586,21574326,3.5,4,0.722,12.5,9.49,4.5,3.6,
Romania,2004,0,71.7,165,9.82,190.8,53.4,4,5.43,3552.92452,21451748,3.4,3.9,0.733,12.9,9.72,4.4,3.6,
Romania,2005,0,71.9,162,7.68,254.53,53.9,4,5.47,4676.315183,21319685,3.3,3.8,0.745,13.4,9.4,4.4,3.6,33.2
Romania,2006,0,72.5,157,8.51,291,54.4,4,5.6,5828.745662,2119376,3.2,3.7,0.755,13.7,9.64,4.7,3.6,
Romania,2007,0,72.9,154,10.6,415.07,55,3,5.21,8214.185378,2882982,3.2,3.6,0.766,14.1,11.02,4.6,3.6,
Romania,2008,0,73.1,159,11.9,521.32,55.6,3,5.33,1136.47356,2537875,3.1,3.5,0.78,14.7,10.73,4.6,3.5,
Romania,2009,0,73.1,158,10.4,449.38,56.3,3,5.56,822.18329,2367487,3,3.3,0.795,15.4,10.78,4,3.5,
Romania,2010,0,73.4,153,9,472.21,56.9,2,5.83,8297.483621,2246871,3,3.2,0.797,15.8,10.17,3.8,3.5,31.4
Romania,2011,0,74.3,139,9.1,426.6,57.7,2,5.53,92.277825,2147528,2.9,3.1,0.798,15.7,9.88,4.2,3.5,
Romania,2012,0,74.4,138,9.58,401.67,58.4,2,5.48,8558.39766,25835,2.8,3,0.797,15.3,10.57,4.1,3.5,
Romania,2013,0,74.6,138,9.59,495.24,59.2,2,5.6,9585.266593,19983693,2.7,2.9,0.794,14.7,10.68,3.6,3.5,
Romania,2014,0,74.8,135,9.48,503.35,59.9,2,5.57,12.27733,1998979,2.6,2.8,0.797,14.7,11.05,3.6,3.5,
Romania,2015,0,75,133,9.45,442.24,6.7,2,4.95,8958.788593,19815481,2.5,2.7,0.798,14.7,11.09,3.7,3.5,29.7
Slovakia,2000,0,73,147,11.06,203.51,5.7,1,5.5,5426.6,5.388.720,1.6,1.7,0.761,13,9.47,7.1,3.8,32
Slovakia,2001,0,73.3,145,10.73,212.22,51.1,1,5.5,5722.2,5.378.867,1.5,1.6,0.763,13.3,8.36,7.2,3.8,
Slovakia,2002,0,73.7,145,10.78,254.13,51.6,0,5.63,6564.7,5.376.912,1.5,1.6,0.763,13.3,9.13,7.1,3.8,
Slovakia,2003,0,73.8,144,9.85,344.47,52.1,0,5.82,8731.9,5.373.374,1.5,1.6,0.771,13.6,8.52,7.1,3.7,
Slovakia,2004,0,74.1,138,10.03,511.53,52.6,0,7.21,10691.4,5.372.280,1.4,1.5,0.776,13.8,8.27,7,3.7,
Slovakia,2005,0,74,141,10.81,601.31,53.1,0,7.4,11690.1,5.372.807,1.4,1.5,0.784,14,7.96,7.2,3.7,31.7
Slovakia,2006,0,74.3,138,10.28,729.01,53.7,0,7.35,13170.8,5.373.054,1.4,1.5,0.793,14.3,8.43,7,3.7,
Slovakia,2007,0,74.4,14,10.58,1029.3,54.2,0,7.76,16106.1,5.374.622,1.3,1.4,0.802,14.5,9.45,6.9,3.6,
Slovakia,2008,0,74.7,136,11.37,1251.68,54.8,0,8.2,18753.6,5.379.233,1.3,1.4,0.813,14.8,9.46,6.9,3.6,
Slovakia,2009,0,75,131,10.63,1320.09,55.3,0,9.15,16597.2,5.386.406,1.3,1.4,0.82,14.9,9.12,6.3,3.6,
Slovakia,2010,0,75.1,124,10.13,1296.54,55.9,0,8.51,16908.8,5.391.428,1.3,1.3,0.822,15,8.11,6.6,3.6,31.6
Slovakia,2011,0,75.6,122,10.24,1352.44,56.5,0,7.96,18509.7,5.398.384,1.2,1.3,0.829,15,8.85,6.3,3.6,
Slovakia,2012,0,75.8,118,10.12,1319.44,57.2,0,8.15,17498.4,5.407.579,1.2,1.3,0.835,15,9.02,6,3.5,
Slovakia,2013,0,76.1,114,9.89,1370.47,57.8,0,8,18276,5.413.393,1.2,1.3,0.838,15,8.95,6.1,3.5,
Slovakia,2014,0,76.4,113,10.6,1289.35,58.4,0,8.5,18720,5.418.649,1.2,1.2,0.841,15.1,10.08,5.6,3.5,
Slovakia,2015,0,76.7,19,10.27,1108.88,59.1,0,6.78,16390.9,5.423.081,1.2,1.2,0.842,15,9.83,5.7,3.5,31.5
Slovenia,2000,0,76,122,11.9,796.65,51.2,0,8.26,1227.73677,1988925,2.2,2.3,0.818,14.6,10.39,7.3,3.9,25.1
Slovenia,2001,0,76.2,124,10.8,826.23,51.8,0,8.57,1479.29634,19926,2.2,2.2,0.824,14.7,9.57,7.7,3.8,
Slovenia,2002,0,76.6,117,9.29,944.87,52.3,0,8.62,11814.9994,199453,2.1,2.2,0.835,15.6,10.18,7.8,3.8,
Slovenia,2003,0,76.5,119,11.58,1203.06,52.9,0,8.77,1488.47154,1995733,2,2.1,0.843,16.1,9.85,7.7,3.8,
Slovenia,2004,0,77.2,113,10,1368.65,53.5,0,8.47,1726.9151,199712,2,2,0.85,16.6,9.15,7.9,3.8,
Slovenia,2005,0,77.5,14,11.14,1449.19,54.1,0,8.5,18169.1891,2474,1.9,2,0.853,16.3,8.77,8,3.8,24.2
Slovenia,2006,0,78.1,17,12.26,1541.66,54.7,0,8.42,19726.1265,26868,1.8,1.9,0.858,16.7,9.66,8.1,3.7,
Slovenia,2007,0,78.3,12,11.02,1795.95,55.2,0,7.98,23841.31792,218122,1.8,1.8,0.865,16.8,10.29,8.1,3.7,
Slovenia,2008,0,78.9,96,10.94,2179.45,55.8,0,8.47,2751.8127,221316,1.7,1.7,0.869,16.9,10.14,8.6,3.7,
Slovenia,2009,0,79.1,9,10.52,2125.06,56.4,0,9.38,24633.79785,239669,1.7,1.7,0.873,16.9,10.4,7.6,3.7,
Slovenia,2010,0,79.5,87,10.32,2017.15,57,0,9.7,23437.4722,248583,1.6,1.6,0.872,16.9,9.11,7.7,3.7,23.5
Slovenia,2011,0,79.8,84,10.61,2147.81,57.6,0,9.8,24985.24827,252843,1.6,1.6,0.876,17,10.3,7.6,3.6,
Slovenia,2012,0,82,81,10.95,1974.85,58.2,0,9.37,22486.47167,257159,1.5,1.5,0.877,16.8,10.22,7.4,3.6,
Slovenia,2013,0,85,78,9.53,2055.38,58.9,0,9.29,2315.31799,259953,1.4,1.4,0.878,16.8,9.87,7.1,3.6,
Slovenia,2014,0,87,76,10.46,2062.38,59.5,0,9.23,242.67286,26198,1.4,1.4,0.888,17.6,10.71,6.4,3.6,
Slovenia,2015,0,88,74,11.49,1775.86,6.1,0,8.5,2729.86383,263531,1.4,1.3,0.888,17.3,10.56,6.4,3.6,22.7
Spain,2000,0,79.1,86,11.12,1005.28,57.6,2,7.21,14676.769,4567864,0.6,0.5,0.82,15.7,13.91,7.2,3.6,36.8
Spain,2001,0,79.4,84,9.86,1045.05,58.2,2,7.24,15323.6114,485412,0.6,0.5,0.825,15.7,14.01,7.2,3.6,
Spain,2002,0,79.5,83,12.26,1174.58,58.8,2,7.25,1719.53541,41431558,0.6,0.5,0.828,15.7,13.98,7.5,3.6,
Spain,2003,0,79.4,83,12.09,1640.92,59.3,2,7.99,21495.7741,42187645,0.6,0.5,0.83,15.6,14.38,7.6,3.5,
Spain,2004,0,81,79,11.96,1924.27,59.9,2,8.5,24918.64584,42921895,0.6,0.5,0.833,15.6,13.9,7.8,3.5,
Spain,2005,0,81,77,11.92,2060.32,6.5,2,8.12,2651.71745,43653155,0.6,0.5,0.837,15.8,13.75,8,3.5,34.3
Spain,2006,0,88,73,11.86,2242.16,61.1,2,8.23,28482.6948,44397319,0.6,0.5,0.844,15.9,14.49,7.7,3.5,
Spain,2007,0,89,72,11.05,2606.28,61.7,2,8.36,3279.414,4522683,0.6,0.5,0.849,16,13.78,7.8,3.5,
Spain,2008,0,81.3,7,10.24,2995.19,62.3,2,8.8,35578.73619,4595416,0.6,0.5,0.854,16.1,13.73,7.1,3.4,
Spain,2009,0,81.6,66,9.99,2937.72,62.9,2,9.52,32333.4661,46362946,0.6,0.5,0.858,16.3,14.4,6.2,3.4,
Spain,2010,0,81.9,64,9.78,2789.64,63.5,2,9.56,3736.228,46576897,0.6,0.5,0.86,16.4,13.7,5.9,3.4,31.9
Spain,2011,0,82.1,63,9.62,2908.92,64.1,2,9.48,31834.21816,46742697,0.6,0.5,0.867,16.9,14.48,5.9,3.4,
Spain,2012,0,82,61,9.35,2590.23,64.8,2,9.39,28562.29324,4677355,0.6,0.5,0.871,17.2,14,5.8,3.4,
Spain,2013,0,82.4,6,9.25,2629.48,65.4,2,9.1,2921.9342,466245,0.6,0.5,0.874,17.5,13.84,5.2,3.3,
Spain,2014,0,82.6,58,7.85,2679.52,66,1,9.3,296.47225,4648882,0.6,0.5,0.877,17.6,14.63,5.2,3.3,
Spain,2015,0,82.8,56,10.35,2349.12,66.6,1,9.13,25683.84565,46447697,0.6,0.5,0.882,17.7,14.58,5.5,3.3,29.7
Sweden,2000,0,79.6,73,6.2,2173.19,52.8,0,8.18,29283.55,887219,1.4,1.3,0.873,15.9,3.96,6,3.7,43.8
Sweden,2001,0,79.8,73,6.6,2155.85,53.4,0,8.86,26969.24457,889596,1.3,1.3,0.877,15.9,2.71,5.9,3.6,
Sweden,2002,0,79.9,71,6.9,2459.1,53.9,0,9.23,29571.7446,8924958,1.3,1.3,0.88,15.9,3.26,6.1,3.6,
Sweden,2003,0,82,69,6.9,3110.2,54.4,0,9.31,36961.42537,8958229,1.3,1.3,0.882,15.9,3.2,6.2,3.5,
Sweden,2004,0,83,7,6.6,3288.17,54.9,0,9.9,42442.2245,8993531,1.3,1.3,0.888,16,3.22,6,3.5,
Sweden,2005,0,85,66,6.5,3547.63,55.3,0,9.6,4385.35315,929572,1.3,1.3,0.89,16,3.55,5.5,3.4,37.6
Sweden,2006,0,88,64,6.5,3765.4,55.7,0,8.95,46256.4716,9855,1.3,1.3,0.892,15.9,3.82,5.4,3.4,
Sweden,2007,0,89,63,6.9,4310.33,56.1,0,8.92,53324.37937,914892,1.3,1.3,0.895,15.8,3.66,5.1,3.4,
Sweden,2008,0,81.1,62,6.9,4627.56,56.5,0,9.23,55746.84238,9219637,1.3,1.3,0.897,15.7,3.8,5,3.4,
Sweden,2009,0,81.4,62,7.3,4136.17,56.9,0,9.94,4627.592,9298515,1.3,1.3,0.898,15.8,3.14,4.6,3.4,
Sweden,2010,0,81.5,58,7.2,4416.15,57.3,0,9.47,5276.25591,9378126,1.3,1.3,0.895,15.8,1.3,5.1,3.4,32.3
Sweden,2011,0,81.7,58,7.4,6351.22,57.7,0,11.7,59593.28711,9449213,1.4,1.3,0.901,16,4.01,4.7,3.3,
Sweden,2012,0,81.7,57,7.4,6254.44,58.1,0,11.8,57134.777,9519374,1.4,1.3,0.903,15.8,2.54,4.4,3.3,
Sweden,2013,0,81.9,57,7.3,6696.87,58.5,0,11.97,6283.24522,96379,1.4,1.3,0.904,15.8,3.37,4.2,3.3,
Sweden,2014,0,82.3,54,7.3,6605.91,59,0,11.93,5918.19898,969611,1.5,1.3,0.906,15.8,4.23,4,3.3,
Sweden,2015,0,82.4,53,7.13,5598.68,59.5,0,10.8,5585.25847,9799186,1.5,1.4,0.909,15.9,3.97,4,3.3,27.9
